,y_simulated,sampled_errors
0,0.15497808778514477,0.20433918419327832
1,0.266794239476676,0.18522240320460112
2,0.1826059378318211,0.06529322292038071
3,0.1266316046926228,0.08310319769514797
4,0.08998893961263768,0.2668417128750108
5,0.03517662778605211,0.09195622437087578
6,0.03786483951925365,0.19854211484159312
7,0.307386783973262,0.1720153787474746
8,0.1958919730251308,0.16642260488338495
9,0.2367254691706079,0.40768735860283745
10,0.33977040011236276,0.16989700088448936
11,0.15164794995800276,0.30184621358266495
12,-0.03905937751809649,0.14791864685860556
13,-0.28756854688804223,-0.10489876616096208
14,0.23433497845003753,0.25968867311683785
15,0.16655944254794103,0.2472743722767356
16,0.6300448984086373,0.37201000015723495
17,0.3618480130037226,0.5329259030294832
18,0.1330699145243584,0.2849905726353187
19,0.20020419261817812,0.3350202074559361
20,0.2023146437549802,0.12106573627410774
21,0.3832829678756163,0.12887373621319664
22,0.20719573810905315,0.21946617779128968
23,0.44376973991174146,0.4789515341814997
24,0.3788277901238457,0.26791431377594377
25,0.10948127651382096,0.19904667071307136
26,0.5568735811901722,0.24963089270306632
27,-0.00782555176322429,0.11478140670567603
28,0.3813338991638818,0.26848875126479244
29,0.03828880848960156,0.2070082821058422
30,0.1971967511994562,0.31048289555211117
31,0.4997931003850498,0.43597860481081535
32,0.21133365497259832,0.18542924573963793
33,0.323088787512425,0.18172519461548942
34,0.0733090651440157,0.18916558788191432
35,0.241821478824698,0.15290619291002963
36,0.18836864217953808,0.285466120094349
37,0.18737909565321462,0.2188207392007055
38,0.19491384041975426,0.19288497883884181
39,0.061570223509743144,0.1565368124572724
40,0.00827716845772701,0.11771809996090286
41,0.10020191663307332,0.19356583638689176
42,0.42777177434050073,0.18916558788191432
43,0.11913390156425611,0.10741954966390847
44,0.355289527269868,0.5410525516888237
45,0.15706187812874828,0.27799989628157107
46,0.19451244606097395,0.20005045157603946
47,0.4298543056662317,0.46859626036813995
48,0.3416736119281564,0.4515587840735719
49,0.0009571444405499507,0.059064144580362465
50,0.29597771404582796,0.24061587408515084
51,0.2327741437546622,0.10830823414371293
52,0.25352504894625394,0.29203052472483404
53,-0.17525257722326104,0.010048523936782738
54,0.1595050214262287,0.21819263573539494
55,0.3245185332407586,0.26675150771988365
56,0.15824879222749005,0.18318430004609879
57,0.594700034162461,0.6045111850794804
58,0.7039154742606232,0.6209252540701385
59,0.11197655355970051,0.24274209747785844
60,-0.04086650320334684,0.14441708415469345
61,0.2012179906452118,0.20565560000358946
62,0.3876522234441628,0.48561964733632484
63,0.4848467604646545,0.37715485210091065
64,0.33402790686490935,0.17350069928372866
65,0.31665990777506314,0.4570337894142973
66,0.644241845201253,0.4570337894142973
67,0.034418103936777994,0.1844025307400356
68,0.47966469265217465,0.2292855375943365
69,0.054266785549911836,0.15120309180179886
70,0.12394911622599966,0.2852884994400665
71,-0.08657264014190218,0.017917809130276297
72,0.06068865576964494,0.21769693787548716
73,-0.06175335863944473,0.11058963651731793
74,0.18950001855580417,0.20940081214686215
75,0.46980809018024255,0.4544161768175557
76,0.17565646868538487,0.10609694701763575
77,0.49209529081658554,0.2216119818931417
78,0.43003515908946266,0.31977444371004327
79,0.27972992881919534,0.21819263573539494
80,0.4069160009225743,0.2687566497269381
81,0.2830269337504684,0.22122314229987572
82,0.2487168643340125,0.23786925405795772
83,-0.18733824485409933,-0.006633165083656398
84,0.07722400207550906,0.2298111509170194
85,-0.11756752082575116,-0.00419065325793834
86,0.09517702905984565,0.17251908269165997
87,0.0844313002783572,0.2038974780696469
88,0.38230416161555913,0.4248866590627945
89,0.08332110388322506,0.13691277568203583
90,0.2182009555577487,0.11853279300539345
91,0.05,0.08935930033082248
92,-0.15594718285363995,-0.0017387099541980866
93,-0.17319135095322766,-0.020849331572384888
94,-0.001876810146329358,0.04953260027377476
95,0.1343537070864894,0.16948248395952412
96,0.3324604092131377,0.25587415079798337
97,-0.14461184349611395,0.025544610555721603
98,0.002302270531063716,0.172102574179765
99,0.15486904888060748,0.18258714884151034
100,0.6449949264850898,0.5538900304829434
101,0.1568175549067478,0.27278229855740244
102,0.45406468538011063,0.2892865417466679
103,0.23706755534451915,0.18639144453733883
104,0.014579692478821432,0.1674068213681406
105,0.5313778680401823,0.29203052472483404
106,0.12124748608328892,0.17243184079220725
107,0.19053715735069549,0.3277574743856825
108,0.0971336627010339,0.08906936579556152
109,0.6791489376521391,0.4829934010098556
110,0.5039606930854342,0.30836193208435586
111,0.022166192990518724,0.20068017916451386
112,0.42905456539596654,0.5905054748680478
113,0.34791273522281546,0.31630182220515535
114,0.5003494762515983,0.28646004706157163
115,0.0386800980601151,0.18410934379975302
116,0.8787712567988548,0.23028045403630076
117,0.47499215522132376,0.6559434282574956
118,0.12119881940451853,0.20590829447201325
119,0.31921413709443447,0.1667261826346838
120,0.1899685167540107,0.220971730780549
121,0.034600884822440475,0.1849349516196407
122,-0.07624338229039687,0.11513156762862103
123,0.362832003946237,0.4682284981662834
124,0.1271633332910648,0.26188058382952306
125,0.18603268077013593,0.3117880878623503
126,0.4646488360092625,0.606600270838433
127,0.2937249373427791,0.2445206164216
128,0.29478700037029226,0.1318207897845895
129,-0.023272013230058272,0.11264853733119222
130,0.48917441887012253,0.2223638848765559
131,0.058551528861003926,0.2054876614279109
132,0.16059093836482957,0.21088056346224787
133,0.16090881339035573,0.24101100927103752
134,0.06441244368918353,0.20891135063696453
135,0.06477906813642723,0.24617136080419777
136,0.25622250539370073,0.43619264993011936
137,0.23299640193295762,0.19343705939394135
138,0.22793394027561864,0.1937826624487254
139,0.04970330889494415,0.20725795802988972
140,0.10030691593855903,0.198230416686233
141,0.10952296793608327,0.24883889672244758
142,0.6659277870976691,0.31332130466502783
143,0.09555920486676625,0.22885190129901806
144,0.09029283531955909,0.10887316163872712
145,0.3754830643406266,0.2030047030463575
146,0.7344719641649358,0.3368007177101475
147,0.20953211025417035,0.2817921304361549
148,0.49994370375780084,0.28646004706157163
149,0.3452808999531134,0.1922087163230277
150,0.6795561735666877,0.6651817942697583
151,0.5230625112869656,0.26757369636644596
152,-0.1976091343352095,-0.036810533993566624
153,0.005702618680206412,0.1756203535885768
154,0.5608464626742429,0.25980030364870127
155,0.613688334174102,0.21679892482356042
156,0.12199079112176431,0.2766141910140596
157,0.5024057730565206,0.20439708027312842
158,0.32164686575455287,0.19539649422004646
159,0.06906721071126071,0.19950022071476017
160,0.10818428237026469,0.21600633284796172
161,0.061692222663211865,0.1879155953125522
162,0.10357390300495578,0.2623536309035208
163,0.1423365464190718,0.2973012755815998
164,0.11407347889024927,0.2741829561189033
165,0.20694388047333606,0.25996865341768427
166,0.12445763087619868,0.2863924766491214
167,0.03908242168655505,0.08277909335472398
168,0.23816995101905425,0.06748627101347401
169,0.21453382040182287,0.23276231856810625
170,0.37822577370244637,0.3350202074559361
171,-0.0806815009251009,0.053022376301036594
172,0.1104154514905677,0.22354769916093964
173,0.26042772905504163,0.1573420536318143
174,0.536733377422629,0.28568491160412873
175,0.1836032580390383,0.30629709093742635
176,0.04776095564591121,0.23019826362466217
177,0.9333976558448605,0.3891597455340863
178,0.17324717319295688,0.2269637815789582
179,0.0645471972075567,0.1427866451664506
180,0.21633483991922717,0.1240955907670396
181,0.2092830368200704,0.22358835698660065
182,0.3050641551524631,0.23896128795353283
183,0.01207191816657785,0.19614823969716397
184,0.0551934937961929,0.15069834479996427
185,0.39039043970935305,0.20807958195525408
186,0.09060057435612445,0.1937826624487254
187,0.06256753196701856,0.2426120118724395
188,0.3069731928940678,0.4628068870508222
189,0.1387055112995586,0.31674991764272986
190,0.1606467437602656,0.1152863532148471
191,0.22228072966132276,0.3157592220544303
192,0.13255938478751456,0.2610917943318159
193,0.18273944843724363,0.33928321718996857
194,0.1787695130588049,0.3663691854701252
195,0.21401258443649482,0.3891597455340863
196,0.052994456728807815,0.17541302354875324
197,0.8546534427617634,0.45140941042010413
198,0.43757339237188564,0.30901167373856964
199,0.4574577650820186,0.24617683841197924
200,0.1203958863897936,0.08752181067241593
201,0.030874877488045155,0.21419618215307296
202,0.23546111981796375,0.25923134755906446
203,0.3642548176200957,0.23814484810303904
204,0.06915643225665746,0.22899470830512592
205,0.2035736972890675,0.2221803175654009
206,0.1542295918564488,0.1951972298546114
207,0.08780257225157687,0.2241466916523277
208,0.22917349859349678,0.3878807309541006
209,0.0785682752030436,0.2027512313219469
210,0.22489503983323578,0.027760750847812432
211,-0.017943781513029056,0.1435101057508779
212,0.40920512786005286,0.17618489003728283
213,0.031242938887789035,0.17673290024375377
214,0.026499824381343434,0.15508420430930486
215,0.23192340504909886,0.167892228443753
216,0.10673070345325213,0.1831430827732446
217,0.038433588924636664,0.19950022071476017
218,0.4609910519961683,0.21506868719292282
219,0.08004093838355819,0.17755464913494556
220,-0.21719016853112552,-0.0603827177615148
221,0.25179456120931815,0.06168010325093318
222,0.548427083235167,0.2253724350633522
223,0.08406381272812502,0.26528927431687477
224,-0.0702900688162403,0.07502115850332049
225,0.6579895088910542,0.5035248930067241
226,0.3572335516910595,0.20372308146115953
227,0.09560842393456218,0.0881561417690093
228,0.4705010028569161,0.2384595293461569
229,0.4851529695331773,0.1311335019847757
230,0.7979428637551488,0.8469278163699143
231,0.013586614788791002,0.1653273370205195
232,0.17566288947600972,0.2095653941992504
233,0.611722552522213,0.1209119006112066
234,0.005541583966863994,0.16944563991258146
235,0.4471824797070657,0.3744439479589902
236,0.21662939456179162,0.17377895413103134
237,0.01665069524495788,0.19515090077848574
238,0.2484342041905132,0.3508069579585246
239,0.07305030169524354,0.027613560185849234
240,0.2261384607025024,0.3924501228640195
241,0.1658637327259549,0.17845459059711744
242,0.2956318552665715,0.2376360265074709
243,0.5069459104884935,0.18320211654441915
244,0.1794518484288022,0.182636148474901
245,0.06789704664255987,0.09195622437087578
246,0.4333663085507726,0.20033406679720023
247,0.35977556672159766,0.33971047773696145
248,0.5379288777938833,0.15040579110410987
249,0.11953596160571585,0.19938129608683172
250,0.7851701132591997,0.5212194403630931
251,0.43347652118406704,0.22429856042675625
252,-0.1718120436744736,0.0035082511038217745
253,0.2647169762331282,0.2384595293461569
254,0.1992597815890459,0.3859341211856872
255,0.500160185120379,0.15336391975381844
256,0.36923170904667446,0.2918802463778667
257,0.014340847281604452,0.17556398958148017
258,0.13859062843261688,0.1722067843193966
259,0.30220265601747637,0.3263441194007508
260,0.3366454858045833,0.4248866590627945
261,0.42855068890574266,0.2119348457729227
262,0.7319168809529528,0.22851398617399515
263,0.16704623760752796,0.3444763291453453
264,0.04745960050556122,0.1991805903722918
265,0.11874029797855698,0.18381784045056945
266,0.6605209994345693,0.3755788318525428
267,0.11198130272639688,0.13953903845063795
268,-0.006096842912973355,0.15641237931999247
269,0.19642193868955563,0.21482335824060553
270,0.06883889389665701,0.19908652365209809
271,0.1549656330909123,0.1799844268032576
272,0.13327062705039544,0.033857386536051304
273,0.3730079767681155,0.21359761328543336
274,0.03748389071866734,0.199364137096534
275,0.4932057111457532,0.28390405594571744
276,0.4901002138909367,0.1903542827412739
277,-0.0940876541424277,-0.00419065325793834
278,0.11699277251715051,0.2410345149615566
279,0.07551165451885727,0.22413623229993357
280,0.014760429090727195,0.11759156052278336
281,0.17651307217397252,0.15290619291002963
282,-0.275382635417831,-0.12147312682162065
283,0.29119076450825254,0.2817921304361549
284,0.09380588731944768,0.1240955907670396
285,0.35801295929079285,0.20218874035173082
286,0.5915777884084371,0.342669582740253
287,0.23759846609039828,0.42697976217723
288,0.4571112750710826,0.3778424413387468
289,-0.13576917624643325,0.005005005253682138
290,0.1195073230219985,0.1729375559282581
291,0.34728169173465967,0.2530910384767213
292,-0.14342714747219412,0.07009897120446107
293,0.22372450963323537,0.13751889659485786
294,-0.09673332159578273,0.017917809130276297
295,0.2419068297315902,0.3891597455340863
296,0.8613610776982095,0.45059242525727394
297,0.007957503264984733,0.186135628888386
298,0.3157669580874388,0.28774824892601775
299,0.08765190463209344,-0.0346368517605084
300,0.1319329522013627,0.2269637815789582
301,0.12215840534954386,0.20807958195525408
302,0.368091901811787,0.2973012755815998
303,0.2879575880922277,0.23414368343980266
304,0.07253101987721174,0.1493102755085928
305,0.13628707184070477,0.21605608201483303
306,0.4269433532121531,0.3189809090501471
307,0.26502538593192826,0.17198916751088644
308,0.2359989746238242,0.38612212408271435
309,0.013743526973251707,0.19234299515676265
310,0.06100137483476328,0.19817812562340126
311,0.044456701388431316,0.14444518049470392
312,0.15384784105270233,0.20871125603108626
313,0.48383695544789335,0.30953656719634176
314,0.08165791137929201,0.18664848401461073
315,0.6389041500436377,0.4731019799471149
316,0.42301071260782197,0.14415085172554978
317,0.3110674436433092,0.199364137096534
318,0.29858399794277624,0.457644143428417
319,0.4136354926845681,0.31048289555211117
320,0.19396775312962367,0.20308043788507324
321,0.3726141327857262,0.45059242525727394
322,0.20356685463567156,0.26875306077911976
323,0.3352089675790828,0.20871907332996065
324,0.2583890621653868,0.23117136072278927
325,0.3188126124998805,0.28124047441671773
326,0.12501040568461896,0.24126028422054924
327,-0.05165945185208945,0.09396538156232523
328,0.2835048902851583,0.21092930699118825
329,0.30549729306111106,0.17350069928372866
330,0.11526655544804082,0.24101100927103752
331,0.13770735303935502,0.22883810713846908
332,-0.005569182411441775,0.16863640710306443
333,0.975585821927876,0.3625503386760218
334,0.3361697167346327,0.2339025047232407
335,-0.04655739053127683,0.13284342161558532
336,0.05263692653320698,0.20709747791481092
337,0.22217071125968404,0.40552596934457374
338,0.15017791297761107,0.14441708415469345
339,0.022474007700353932,0.15343023290625962
340,-0.06685512370005403,0.006755967658340689
341,0.04930401339933535,0.19056429761988458
342,0.08051351632276155,0.21418534390231417
343,0.021323878288990045,0.16805413200736574
344,0.02131731054008064,0.1427866451664506
345,0.06953084558951646,0.1572449173252781
346,0.49930936995940217,0.26997014453641865
347,0.2362949569414276,0.2780444063431713
348,-0.009323879569406668,0.1659205505612505
349,0.08875149428603654,0.2741829561189033
350,0.3031211846305585,0.4687426173617774
351,-0.10085649568636496,-0.00419065325793834
352,0.06679077519140639,0.21708594112395183
353,0.037873754327304776,0.1834544697947451
354,0.1236408834592502,0.28931631999441976
355,0.08598936217631224,0.10633776111913147
356,0.030323954902986533,0.15745075440461248
357,0.09606071242169678,0.25243730797875097
358,0.19826129421312558,0.2562001630524278
359,-0.02215999732753926,0.1435101057508779
360,0.32397632293007594,0.3307250062651051
361,0.1422221922555411,0.0725985304193332
362,0.94127890958893,0.42070635231947406
363,0.0276904269454903,0.13578351407587946
364,-0.22269062094906722,-0.13681736328862068
365,0.40491508692771605,0.2363309210417723
366,0.21386999234567944,0.09517647708566634
367,0.2462144444057189,0.22917454215825037
368,0.49409833685897875,0.6023287535452118
369,0.04643748310142626,0.19241906892667549
370,0.3830848243314675,0.11988554204161503
371,0.21468709160173532,0.15361109135839474
372,-0.035540174005309816,0.13756427983697733
373,0.14657653243420357,0.3124848269062168
374,0.3351208827422797,0.14693630625188703
375,0.030694823405843175,0.1883635084358594
376,0.07560888987359923,0.25587415079798337
377,0.005516028921070337,0.10113638250964715
378,0.32881078280739606,0.1487365151111366
379,0.21566300283526652,0.19045509493836482
380,0.36836074854788975,0.12190711023797525
381,0.07678416697218449,0.20985274961816608
382,-0.08976114024347018,0.08935930033082248
383,0.12974174322368343,0.2085936445227015
384,0.8020528148815642,0.46859626036813995
385,0.16882008335120882,0.10966396395518119
386,0.59791322608727,0.5842216721564553
387,0.1974061389136072,0.20359878884372656
388,0.2882942667385077,0.24271044355606342
389,0.04366055547030717,0.2075338574275441
390,0.04456844549473668,0.2114227124455186
391,0.16577319961358825,0.2918802463778667
392,0.31283621849204535,0.26141665203691844
393,0.3215697126749844,0.20828564809965236
394,0.02417341408448001,0.2013418200541034
395,-0.23359267600393813,-0.09643682912104645
396,0.3430712131098792,0.22906588376007223
397,0.20609689720161256,0.2723420193808428
398,0.40892891352763894,0.20807958195525408
399,0.4748167347518503,0.2036129812215145
400,0.45299137564897973,0.31332130466502783
401,0.6524088058172726,0.20925239645311844
402,0.39491796044047905,0.3017767059777944
403,0.5596914795972479,0.47847200343630425
404,0.2822503777304699,0.2080034062226176
405,0.4187066601672881,0.19210623140692393
406,0.21551364599030348,0.2741829561189033
407,0.4443680983445455,0.2278676154095772
408,0.5275733033516451,0.2234052323347525
409,0.06381212555386022,-0.0017387099541980866
410,0.7829406943300852,0.22851994008825688
411,0.2071110579432628,0.12059694489609944
412,0.31562349155512687,0.2911843547089183
413,0.807736572426133,0.21010947722865403
414,-0.010868093993326874,0.07452787090750809
415,0.19920258939918833,0.3144194848189686
416,-0.0598613622089417,0.081645188825018
417,0.12052431848763896,0.20876755315646
418,0.08304786882557988,0.21098061445197078
419,0.31480070559939044,0.38125137423656486
420,0.5531782090322974,0.26997014453641865
421,0.4942252035117955,0.5282129241160215
422,0.11590500682475863,0.26940326298532113
423,0.42278827322339985,0.23138453359153976
424,0.08371172027124041,0.2617205912538718
425,0.11057894162432182,0.095271316812444
426,0.023191283140705204,0.20827284146083502
427,0.45549353048736674,0.17782205047769706
428,0.07234201314811835,0.12226002018198459
429,0.40052568846335806,0.2492787492424778
430,0.13489822482754507,0.2418110005095809
431,0.6138723374823057,0.20827284146083502
432,0.30936602139805475,0.4706963179397366
433,0.5221739591062038,0.24573712998515737
434,0.08980811307549941,0.23030549263936223
435,0.052424124183624715,0.20533897214810026
436,0.0574173648676188,0.10633776111913147
437,0.0015266101714282998,0.14513880351252792
438,0.2665077505340459,0.1743064340592613
439,0.1786020478120358,0.1422943607901996
440,0.1121320405006276,0.21568233184288
441,0.28087266354047824,0.21089525830859024
442,-0.009115924127346131,0.0963931207360571
443,0.029868310221724426,0.19161307336943345
444,0.5489527648863632,0.14570268252909307
445,0.07983499545226348,0.15508420430930486
446,0.1544999255239926,0.118325753998141
447,0.7040339412844766,0.18272062352937202
448,0.002423007613544026,0.16530798645238584
449,-0.04659824495549865,0.11784491989255112
450,0.5205495728201389,0.2784303037742395
451,0.16082950434107277,0.31630182220515535
452,0.3985317877196071,0.31127064608616895
453,0.12751541940868769,0.08990445002413225
454,0.46585918574075924,0.21608877713264063
455,0.13375774752422087,0.27556874803380177
456,0.01617813072330132,0.14574963082837258
457,0.7473570993771049,0.2061793743693863
458,0.0640762127949927,0.09772277107909139
459,-0.06843349890778448,0.11264853733119222
460,0.5609170547528949,0.2602109720470445
461,-0.044705947144791175,0.13464144375473874
462,0.6567401432848006,0.4345651650096595
463,0.1496201788926546,0.21418534390231417
464,0.28945233009531923,0.20438330502620647
465,0.18057659763923042,0.2309380767083273
466,0.35320658459738186,0.46859626036813995
467,0.10752789185741624,0.21524443013065717
468,0.10701275739407806,0.15902340126369482
469,0.25234024607238614,0.372746037176496
470,0.24268984222735013,0.14101559622549115
471,0.05995680273988105,0.22791252401212606
472,0.43911726721591815,0.20373922372683562
473,0.39793893577838024,0.3003758803309026
474,0.42404263377763496,0.1665633894869572
475,0.027160726297866665,0.020108691701258813
476,0.4231181446797897,0.2623536309035208
477,0.45532726444221544,0.34949255135029045
478,0.1307787545240099,0.29981897982454075
479,0.5087247355417672,0.42418040876018015
480,0.2545070161695052,0.33297901960580945
481,0.018501861778809817,0.12027679054735706
482,0.3150085397545232,0.18734830678207293
483,0.13660594314447866,0.18361219334109963
484,0.06678143494843719,0.2255181599548971
485,0.28934191808129456,0.09597079932783764
486,0.17491731976789038,0.29094392883194964
487,0.43181155111634945,0.45856202811350255
488,-0.0156690709763619,-0.0603827177615148
489,0.16345177079019932,0.29981897982454075
490,-0.03459182399403324,0.15902340126369482
491,0.6170385557165075,0.2899427583702447
492,0.029481848953064743,0.21444316484804976
493,0.16138597031808324,0.33971047773696145
494,0.4713222317326561,0.20536344852717017
495,0.2888524648362545,0.2292855375943365
496,0.24111435128147157,0.20891135063696453
497,0.3800535930000969,0.32008093266168236
498,0.018988837940363573,0.1807655439181579
499,0.6994518070757079,0.22446055138160395
500,0.15847510171383292,0.2889744308231822
501,0.14053876140980817,0.19947418984647103
502,0.09808166172961094,0.264964729162528
503,0.031395558375058225,0.20140474035059142
504,0.23442583796621175,0.15586023413654582
505,0.3768996686062175,0.14510138467599615
506,0.45518599191584064,0.31332130466502783
507,0.12668611422880777,0.22167332763313663
508,0.7511297929384457,0.5837283233577789
509,0.16772499447989742,0.26528927431687477
510,0.10698559337504895,0.20972769085290738
511,0.21475935728798481,0.19409836149999912
512,0.3492963143998822,0.34558309161666656
513,0.23380554562159753,0.22497461335600602
514,0.3682114910335198,0.4706963179397366
515,0.08553931573109697,0.26184620952970433
516,0.10238164137224594,0.18451466139803047
517,0.03416587894591637,0.12974112762122772
518,0.11884794006009278,0.15274377935172753
519,-0.031581683351909084,0.1314343961703341
520,0.20665131834960015,0.285466120094349
521,0.05325394293564535,0.149268109114113
522,0.5428518677370371,0.2973133546738353
523,0.39621714413560627,0.30139083067034145
524,0.10524367674215576,0.12157673623741648
525,0.5997063709756965,0.46092581133878957
526,0.527228525998761,0.20201064386961676
527,0.07668564991605828,0.12124175803482225
528,0.39086817661414897,0.19701267366043157
529,0.15152170540677726,0.2797445129873723
530,0.7328366220320163,0.8603299290160481
531,0.010045751355121063,0.14829274447244375
532,0.4257342624249616,0.20565560000358946
533,0.2707724988192183,0.33488937883009495
534,0.1950044695742902,0.28774824892601775
535,0.07232780076510328,0.13283113143205616
536,0.051613873574946845,0.2309380767083273
537,0.3731887151253879,0.307970121831064
538,0.034019134438106724,0.17618489003728283
539,0.7919706795395065,0.5297690101741283
540,0.12166468468176694,0.1867302537183757
541,0.12586731682013264,0.18918252991446716
542,0.007056973124106997,0.13277839054194235
543,0.26172509917297543,0.4299177349083704
544,0.5113986455186781,0.16144716945546078
545,0.41691043330209676,0.18933362115119495
546,0.0647345648411507,0.1963765955570542
547,-0.03067267490643416,0.10830823414371293
548,0.23150727465593574,0.40349951706503173
549,0.2887421304620315,0.2863924766491214
550,0.052232559541773194,0.2363309210417723
551,0.2088166665211949,0.28769040273439156
552,0.4682858394215401,0.2426120118724395
553,0.3260063603551979,0.23599594039435942
554,0.22016268683554238,0.35026863338586445
555,0.6807769781464665,0.4125691085826214
556,0.15120083153417568,0.24233721404382283
557,0.3841919425662888,0.286883067432917
558,0.34664913925973917,0.41462859477421266
559,0.11264521220497609,0.2278676154095772
560,0.7653668711928377,0.1363386019733868
561,-0.04754271974725337,0.12044065746098372
562,0.1820983779649026,0.32206703138258685
563,0.03145561031586267,-0.0017387099541980866
564,0.6625362651634079,0.2006263699481503
565,0.09053388763103001,0.21708594112395183
566,0.1784039789736165,0.21089525830859024
567,0.15202263333845029,0.19609380379596125
568,0.43999211715986997,0.2973012755815998
569,0.26623293656654534,0.23972879141105863
570,0.3288833482417714,0.4197563177390672
571,0.1392846103473222,0.23898108726781336
572,0.20514954271057356,0.31195143482917054
573,0.31046952873090466,0.30621915955927725
574,0.08403104641854758,0.23331088361761154
575,0.28551762768443734,0.4156978774747627
576,0.014252383239000715,0.15745075440461248
577,-0.07546596372506041,0.11784491989255112
578,0.09453554147693262,0.18172519461548942
579,0.20336054533897185,0.22145090947208126
580,0.08583065264686596,0.22368141895664337
581,0.08628856311758232,0.27181863973479986
582,0.15006376623404008,0.19850020553352785
583,0.21601503131196867,0.23929722631137818
584,0.01995830575892049,0.1792370550013983
585,0.02126204836966314,0.1735605221335596
586,0.7043215667348837,0.28533716296037476
587,0.4769729064099493,0.4623080916362561
588,0.23042545003442555,0.34111102433803914
589,0.3184046407291379,0.43597860481081535
590,0.5492871360368907,0.3902295913918814
591,0.7246817528994636,0.24061587408515084
592,0.045394956988981106,0.22211327960087468
593,0.025695571680921903,0.1947410449731654
594,-0.048487436253103866,0.13751889659485786
595,0.19186506992969543,0.17176951995382767
596,0.26545397333252024,0.1709562252059057
597,0.18004739117900603,0.1949995244113263
598,0.3848201032869677,0.23650020653790088
599,0.2607463485329853,0.12584758237202318
600,0.679045883676167,0.181055883833402
601,0.8129589124416902,0.5864895297700999
602,0.259603900224544,0.3267474276272245
603,0.0012297543546722495,0.09597079932783764
604,0.5514243501630975,0.21882700232351615
605,0.1101376647864914,0.25587415079798337
606,0.23867424563691106,0.18320211654441915
607,0.1133378423894962,0.2255181599548971
608,0.1554439146058048,0.10170648597801163
609,0.04106261516283369,0.21598158582524923
610,0.24627698397193726,0.23896128795353283
611,0.2524565672371117,0.17198916751088644
612,0.15700047741925352,0.22497059925031754
613,0.44154170442362256,0.43882767457286853
614,0.3086376113966578,0.2435261186766552
615,0.24573138926889268,0.3003483989428193
616,0.033507124434512786,0.19212371628901348
617,0.1766312915382038,0.22449890694778102
618,0.30571852323248133,0.07647159300252517
619,0.16590646598921552,0.30901167373856964
620,0.5185946131427359,0.26528927431687477
621,-0.08217485104238752,0.03693961045042837
622,0.17258964107672542,0.31674991764272986
623,-0.08045939983623092,0.017059496758626946
624,0.3859170720200984,0.18272062352937202
625,0.5728150655150934,0.6405200315188424
626,0.45670270017003883,0.5327573115128941
627,-0.002033053021165132,0.14715082165089172
628,0.6308317244852086,0.6124769133102266
629,0.13820095927084924,0.2814158341140563
630,0.7431783863899173,0.1986600588176384
631,0.7936302660190117,0.2938988994048761
632,0.15077482273467502,0.17476345579575042
633,0.3012113571026191,0.006755967658340689
634,0.26594331329885923,0.28769040273439156
635,0.09139514873960689,0.23426629739493762
636,0.41247114675475893,0.3663691854701252
637,0.24815868543738295,0.07452787090750809
638,0.13979059674817623,0.2070082821058422
639,0.35493723352159356,0.46696775824642756
640,0.16343289106724304,0.12079895846881844
641,0.9248725519491117,0.3115841620965252
642,0.06658289888527996,0.19854211484159312
643,0.022035079458798235,0.19548996135596475
644,0.011631680482562246,0.18402030066352332
645,0.04204044746494624,0.14459078614096804
646,0.3049784308811456,0.23363021089371122
647,-0.010866920766083338,0.1752218563665573
648,0.3929074003518209,0.2148203519529187
649,0.21281662901542578,0.3156248334144147
650,-0.031914189710667604,0.08990445002413225
651,0.039857916577727776,0.14381037022897863
652,-0.06303737890782514,0.11264853733119222
653,-0.13626084850392803,0.03991852586545827
654,0.11947625958636059,0.1834544697947451
655,0.03387437336783744,0.16436905364779567
656,0.18525879744828785,0.20710707105304155
657,0.1326899863170407,0.2960780029982615
658,-0.12049981145411871,-0.03073503143044326
659,0.056319522219552276,0.18737207390837599
660,0.28753641850364453,0.20142603390283081
661,0.0779461517893266,0.26214978316856963
662,0.29220022007072366,0.15490502187671357
663,0.8779417622261749,0.5356900111521927
664,0.2534839918479719,0.24936109640813356
665,0.2529939704434807,0.23929722631137818
666,0.10114917453615194,0.18341731981239395
667,0.9065548870136638,0.2852884994400665
668,0.6213503430601066,0.3168446021174228
669,0.7162487831523927,0.23762081446658673
670,0.6637048639840817,0.5250087443058962
671,0.05448627625229119,0.21833750328718118
672,0.09868795717863085,0.23287114865533073
673,0.4042801308543562,0.1867302537183757
674,0.44488527013207946,0.23082896592202048
675,0.5297011158780117,0.2006263699481503
676,0.5347543773309892,0.21390950859621033
677,0.24720745474281172,0.26774348450235624
678,0.6106233567107301,0.1240955907670396
679,-0.028722242862430802,0.16038911473516768
680,0.733289980941453,0.3902295913918814
681,0.2977236467213855,0.1336788571894756
682,1.2259671677733943,0.7599180070338662
683,0.23483102817367074,0.29853041971346755
684,0.13152219637129506,0.07586138056457337
685,0.08312941801499099,0.23625112109241306
686,0.04228393848053664,0.0969143245767727
687,0.4543080149471354,0.21302226951700037
688,0.3856128939225397,0.2959715635082377
689,0.14932818251343233,0.27104324742400476
690,0.09609089828842973,0.2723420193808428
691,0.5400371499823512,0.1834544697947451
692,0.5039944598530262,0.1921793275693669
693,0.7119538350163788,0.16645066863717445
694,0.33678748563188177,0.2788545170144686
695,1.056294037501092,0.6057530284921477
696,-0.004699680197464695,0.15902340126369482
697,0.28784099750199,0.30614923164570296
698,0.28726430575293993,0.2160919803258084
699,1.2333121380766767,0.9876686850300161
700,0.668127574894278,0.4005645451594904
701,0.3060912137908103,0.3236827743135936
702,0.07,0.06089326097385418
703,-0.1133885425682533,0.05747277041308853
704,0.01367882654983385,0.09002733966158549
705,0.15875471749499065,0.20377492495092672
706,0.28492352740844673,0.25202275336501395
707,0.20708034493022637,0.20359878884372656
708,0.2524911668335351,0.21278705889529403
709,-0.30926404014386166,-0.16718842722230076
710,0.04080364585963708,0.21833750328718118
711,0.3470110716500949,0.16645066863717445
712,0.07197791787918287,0.24229847376389646
713,0.11295653801912732,0.17945592141202849
714,0.14834594225581132,0.185097449975695
715,0.27234887435827865,0.23464323514847826
716,0.22514197384371412,0.1892222942421064
717,0.11173753426425176,0.2602177901918524
718,0.18155043279179345,0.24929391729414968
719,0.09,0.23028045403630076
720,0.11459628254247092,0.1934293779023757
721,0.0049043518926975005,0.17006994735714892
722,0.15080156413537443,0.18322808214229744
723,0.9238057740400465,0.6094354318823906
724,0.22946855508514563,0.30953656719634176
725,0.017615738667516617,0.18451466139803047
726,1.0123935674497555,0.379373794953421
727,0.6835864064224954,0.22211327960087468
728,0.09536692429996423,0.192547684383573
729,0.3305486304944686,0.23282712888931917
730,0.07071758338696466,0.1973660674015754
731,0.21118822942547846,0.20308043788507324
732,0.6422008706554969,0.19788320249837693
733,0.32004492561650477,0.3156248334144147
734,-0.029869209365620306,0.07452787090750809
735,0.4030672757066941,0.18688511615726353
736,0.27919006975426175,0.2563408914051534
737,-0.08840470757540866,0.08689551370699497
738,0.26526128555654543,0.20359878884372656
739,0.13167550765692682,0.26402913856044763
740,0.6917459411071961,0.4682284981662834
741,0.11026246136977906,0.2119348457729227
742,0.5519085842703453,0.2775599933449041
743,0.25266638610298475,0.21060907974871246
744,0.0478916813533124,0.21600633284796172
745,0.2273717337686896,0.178222960108059
746,0.034460471911476054,0.18943826373085704
747,0.09681149496525768,0.2225111909582199
748,0.07628197845398493,0.24113470152058292
749,0.0670888664409777,0.2321575536339005
750,0.16051219726343546,0.13578351407587946
751,0.2551801117633471,0.26141665203691844
752,0.373299184392288,0.377732787988608
753,0.1755119196885406,0.33167238440314367
754,0.016698079455611275,0.1665633894869572
755,0.32031703924846416,0.3494826271303785
756,0.13119816612236634,0.2988951039978535
757,0.33501665341998826,0.25521689541978027
758,0.21301620633911234,0.11988554204161503
759,-0.024464312737795563,0.13793667358072914
760,0.47168388097728126,0.45856202811350255
761,0.41170164066988657,0.4789515341814997
762,0.25199373078605936,0.38573648601149196
763,0.2662339989993925,0.16819022337026826
764,0.014538987915852425,0.16226386304832777
765,-0.0919347408919374,0.048520354046427405
766,0.39182834192545335,0.29047638324934866
767,0.31017884790141503,0.21302226951700037
768,0.08687634237712301,0.19078943197466264
769,0.3760126338406742,0.24268454389354993
770,0.4758493961586189,0.3450091416927052
771,-0.027448897777289566,0.1492180548713651
772,0.4604189864683652,0.2957554070922144
773,0.2829550088744787,0.3778424413387468
774,-0.022482990237394293,0.026803551509273632
775,0.16045068233606907,0.18664848401461073
776,0.8368403335608151,0.19599919040074196
777,0.32324018590904835,0.20372308146115953
778,0.09179127298716062,0.20533897214810026
779,0.15309163340875326,0.16797829247154775
780,0.3643646247924144,0.19288497883884181
781,0.5205503399608665,0.24207561292156088
782,0.21576931501642566,0.19854840837114965
783,0.6602452235800158,0.33297901960580945
784,-0.07073436845121957,0.07647159300252517
785,0.08916493839548906,0.18243697026521244
786,0.3528568105609168,0.2426757903854576
787,0.10879954962341132,0.24963089270306632
788,0.25544759239866566,0.43369226829223206
789,0.21145354683938763,0.40768735860283745
790,0.45045964499168856,0.2157777927057069
791,0.5631517876123093,0.27726113141206243
792,0.40044059269010984,0.5905054748680478
793,0.5731778338278325,0.6662144125673306
794,0.15621997384195488,0.18860866911884439
795,0.10578107258862497,0.15918387467205686
796,0.48896103988032735,0.6662144125673306
797,0.20473800396999203,0.2321575536339005
798,0.14926507293393504,0.2574026521604186
799,0.07691778937009505,0.10928007384787686
800,0.2976733057540175,0.46928637912345095
801,0.3304355131996737,0.19369690106070056
802,0.03940549362630097,0.15290619291002963
803,0.30217130947151627,0.22287766179099033
804,0.5347844728073272,0.4122352272119397
805,0.22580936379033645,0.2988951039978535
806,0.2259187916854229,0.32206703138258685
807,0.18649958375390596,0.26848875126479244
808,0.11832803525872287,0.08267572175531115
809,-0.02642973528517123,0.182636148474901
810,0.5581134687299607,0.23385122703489
811,0.3057742756237985,0.23030549263936223
812,0.2813109800902839,0.2908500185409218
813,0.09225961605216662,0.19850020553352785
814,0.17218554526298943,0.14800440577733884
815,0.3435016427203203,0.4760493271038933
816,0.07966908290790857,0.1685804335448731
817,0.0961663589109096,0.23864804132389533
818,-0.02529931882930797,0.15992701733083234
819,0.5654820766363216,0.4355907683375803
820,0.11718571908929068,0.26875306077911976
821,0.5363875328458991,0.2017506810853908
822,0.8327604632523523,0.8603299290160481
823,0.12009992344570658,0.23638958880378225
824,0.07602013518995757,0.20373922372683562
825,0.029386734531631598,0.2038974780696469
826,0.1462518793826208,0.24963089270306632
827,0.1350369466056308,0.1735673663190983
828,0.5399059696507348,0.18515042582249094
829,0.3001303391604448,0.29706419926363026
830,0.10847957681176812,0.2017114736808906
831,0.10918337092328836,0.27599467065019306
832,-0.0730985542929039,0.0812078797663574
833,-0.051495594732728744,0.14101559622549115
834,0.08982653938929497,0.21198409302319546
835,0.4484239997481944,0.4252657126232052
836,0.5946408214777559,0.4451608529965982
837,0.111108180580109,0.1732318968691225
838,-0.08247677180495425,0.06344786996367416
839,0.02026740330469498,0.20871907332996065
840,0.14763681749288873,0.17809379380577156
841,0.8044963133675799,0.28931938179326344
842,0.19232596548599362,0.2071915616193665
843,0.3708316539466153,0.29435654695333946
844,0.07126992212135459,0.09901100755041008
845,0.43698356659929016,0.2054723178640826
846,0.4342647929365125,0.34584872217310675
847,0.22850630211844475,0.25986531003134594
848,0.06619288069799056,0.20698231267265318
849,0.024973629950451964,0.18402030066352332
850,-0.058224473226143436,0.03831233923112898
851,0.27556627998196903,0.43619264993011936
852,0.18057036986514818,0.25136932833396664
853,0.08807780761731243,0.26774348450235624
854,0.3542931411754837,0.2866303552193066
855,0.5745778580513553,0.2445206164216
856,0.11827488182006807,0.13405267452577496
857,0.526997920564379,0.2442347128197127
858,0.7502615331964152,0.5092815290593061
859,0.25267234993623977,0.24207561292156088
860,0.347270030207977,0.4786866822448954
861,0.2943332824466649,0.22562143273121896
862,0.12735507107251165,0.08587710456016166
863,0.06113037809581484,0.21882700232351615
864,0.3175977669926106,0.30242786191683724
865,0.15404348942030616,0.2080088709826314
866,0.490509293500023,0.21010947722865403
867,0.461121095387832,0.20140474035059142
868,0.27449647059133025,0.19356583638689176
869,0.3723969908859971,0.19168337000944805
870,0.42595833258468724,0.08587710456016166
871,0.5247380497330636,0.3924501228640195
872,0.06179442632572513,0.23809151726315148
873,-0.03581369416081487,0.1336788571894756
874,0.9493063686637839,0.777825021724859
875,0.10546908504097327,0.2561604647146031
876,0.44743331037097545,0.3115841620965252
877,0.16275351969141982,0.21418534390231417
878,0.17164039296515754,0.2956996959929622
879,0.0867886807985396,0.2055380055150655
880,0.15909055280792972,0.21590721395723278
881,-0.05387186877307658,0.04965989349311942
882,0.14637492472124458,0.29203052472483404
883,0.3972915186371554,0.28769040273439156
884,0.16786140850213221,0.23335525808488972
885,0.3084678444995855,0.2672043596107221
886,0.31511761082674034,0.22889656495777166
887,-0.041184824613323345,0.13824179542606604
888,0.12077991746940367,0.30953656719634176
889,0.12848967981415657,0.17377895413103134
890,0.3994605201814952,0.5107311662676641
891,0.022927106067230918,0.18648152878958751
892,0.005944634571050378,0.18542924573963793
893,0.21471396655600036,0.3951718043627094
894,0.07333374109548171,0.1538980387153663
895,0.06675517651599625,0.1844491644919417
896,0.11933358519819445,0.20807958195525408
897,0.33257021343302307,0.3017767059777944
898,0.2515095054383972,0.24617683841197924
899,0.2606388799649777,0.15680095919088988
900,0.1065933954843033,0.24416027656600445
901,0.02551112865550495,0.200362357052797
902,0.07145114638172403,0.18766555894905457
903,0.2937326223228385,0.3755788318525428
904,0.09336762777354177,0.24229847376389646
905,0.4641914033733999,0.6023287535452118
906,0.3691986556841098,0.19533642062384915
907,0.05097612999977964,0.13927061682547237
908,0.04758073109918318,0.2334548818971665
909,0.5299270683132707,0.18587049657076632
910,0.03121635054977573,0.19126680212581518
911,0.06873161181331602,0.19379438696162254
912,0.04616056241022984,0.211509197237446
913,0.171870190437929,0.13769915185713766
914,0.08308232246957759,0.22824030153113378
915,0.03752173232536499,0.20384446335771647
916,0.1766033097314049,0.3282394479588939
917,0.5291444804857895,0.2479833772082371
918,-0.001408114159259219,0.09816012285330925
919,0.20012925585637786,0.24457443635108178
920,0.47750051528440485,0.3003758803309026
921,0.06514102754748091,0.23280743153616323
922,0.0818136605471342,0.20630689379860737
923,0.0298957740155269,0.159900793591058
924,0.1230905187447196,0.13397603803007502
925,0.1024817232729524,0.20361522525772807
926,0.26076218300491616,0.23786925405795772
927,0.17902575298725,0.18844165829084253
928,0.39806185096729185,0.4156978774747627
929,0.3282595820272714,0.35594998476166295
930,0.03627166279743013,0.2216119818931417
931,0.35716073393686715,0.20377492495092672
932,0.2762595937923204,0.37715485210091065
933,0.06415696918930058,0.2241466916523277
934,0.14409010858122995,0.2899427583702447
935,0.31220878353457726,0.4829934010098556
936,0.06931380851573186,0.13677925563138105
937,0.02779463599611237,0.19701267366043157
938,0.004444590345197591,0.10928007384787686
939,0.1598738158033987,0.31048289555211117
940,0.08590191689642034,0.14804474961575487
941,0.06512950670602928,0.08415290796972409
942,0.044910370833945196,0.14415085172554978
943,0.0495640972366177,0.21302226951700037
944,0.34605011332272073,0.3172367922553337
945,0.6850213758850118,0.20088161002155758
946,0.06434644935114765,0.1487365151111366
947,0.5454010132484426,0.307970121831064
948,0.4867242218309531,0.5303318374476447
949,0.11592176428164824,0.2100654477214509
950,0.07260190278637196,0.2278676154095772
951,0.13189064915260829,0.1570294526651362
952,0.4587651002606805,0.24697802437670205
953,0.6797145055061089,0.342669582740253
954,-0.1009246629459018,-0.05446461588433016
955,1.194962330639565,0.7239877206042259
956,0.05425103175558746,0.19369667166816892
957,0.3729499605886821,0.2376360265074709
958,0.20255461027732563,0.187547213595452
959,0.4849807684510249,0.22917454215825037
960,0.42399809323764637,0.4044932332514732
961,0.35552272232248705,0.11771809996090286
962,0.011971416686217567,0.186135628888386
963,-0.06379253716872077,0.122037555837994
964,-0.03492210991096886,0.14146933462636996
965,0.15880393483259972,0.20518812435614364
966,0.44689680424249695,0.16144716945546078
967,0.09297436782760982,0.20439708027312842
968,0.004303135484744924,0.07009897120446107
969,0.12411185123386606,0.06344786996367416
970,0.7715336341097794,0.23650020653790088
971,0.059828177994474596,0.22960144802931043
972,0.1651178906608153,0.2728753650464978
973,0.5524060059252915,0.10966396395518119
974,0.06817271743103315,0.19947440844638772
975,0.05539002495541642,0.18148200528122482
976,0.8085645088321025,0.2202897034475919
977,0.46840328500319056,0.2506919397782428
978,0.5483410147759233,0.20219840131197464
979,0.12906144912430406,0.19854211484159312
980,0.11279379765627078,0.19313224767037196
981,0.3525173246768393,0.40768735860283745
982,0.11534964209717598,0.11592117660571022
983,-0.059731416848248065,0.04756946576369582
984,0.11588304059495949,0.24936109640813356
985,0.16884901161653265,0.34584872217310675
986,0.24213911612770467,0.1765184439135002
987,0.0380707651921085,0.21461724162425097
988,0.020806718578672834,0.19439830550484513
989,0.09542307654316279,0.24390222533952394
990,0.22078553976671367,0.280022594768112
991,0.5374860517101394,0.2904609071617684
992,0.32934146522669583,0.2863227310323515
993,0.09952490140603107,0.2374110535733434
994,0.017504693977280522,0.14463816003932287
995,0.4679234305711028,0.2620041712408994
996,0.06996692432827098,0.19991877197547447
997,0.1539620145165933,0.25875109251912753
998,0.6842639596574063,0.29369939153979685
999,0.19120488157979007,0.3454816724277211
1000,0.33317021234675237,0.4570337894142973
1001,0.555363278306223,0.327954657183882
1002,0.28787303121989033,0.2814158341140563
1003,0.16018487516574514,0.20065265668465174
1004,0.5826696269771858,0.2788545170144686
1005,-0.10062015097579215,-0.05446461588433016
1006,0.6174295255347158,0.15116874926155138
1007,0.12316076347884067,0.296758376764274
1008,0.4067318474388498,0.336488165177917
1009,0.5460845858757113,0.6324231878490981
1010,0.43798952474872166,0.6045111850794804
1011,0.4655816245640999,0.22479967943546497
1012,0.39154319830867945,0.15120309180179886
1013,0.05289234973331508,0.23264605905356164
1014,0.18621690731091564,0.1817046473293617
1015,0.1388417759120147,0.06505783241797342
1016,-0.02345865135066022,0.09628247627056749
1017,0.1747252207911843,0.2607632361497857
1018,0.5734509041207174,0.556048240196387
1019,0.16290441425680197,0.3348885072799974
1020,0.5531176894538526,0.35273497169233786
1021,0.5166668377867187,0.44113075409911406
1022,0.08198049477425387,0.17611672707418743
1023,0.039371561340835165,0.2085936445227015
1024,0.05353212926617357,0.14955265824955158
1025,0.628347526606124,0.3368007177101475
1026,0.09650457123545081,0.23625112109241306
1027,0.15907731244644494,0.34160591938350887
1028,0.15710667290742755,0.14804474961575487
1029,0.33843716120651973,0.18766555894905457
1030,0.43508955504362656,0.331372031314194
1031,0.13458143045518575,0.300986421544442
1032,0.0327676551084721,0.15918387467205686
1033,0.2093732308363312,0.30579583571971614
1034,0.3187750375119953,0.19387330195723693
1035,-0.0805435515267128,0.081645188825018
1036,0.08690398490771739,0.26430532016653024
1037,-0.0334348496878121,0.03726146825192449
1038,0.19982174829739782,0.22654376875272494
1039,0.30026239932310383,0.10411159825333105
1040,0.46533717628958776,0.3859341211856872
1041,0.6560029399642653,0.16528446902357147
1042,0.044867910302653496,0.21420558951450622
1043,0.036227694899475194,0.18522240320460112
1044,0.8574515544931023,0.23068557430361358
1045,-0.007022184518150815,0.16099375788099332
1046,0.06078542383468588,0.2510032140265383
1047,0.07031087617497139,0.21484003493259796
1048,0.09274347248544407,0.2677140717357616
1049,0.4737045624627319,0.5212194403630931
1050,-0.02502865607199324,0.03694535182818526
1051,0.5262606174671725,0.3412471454907386
1052,0.5856302263353572,0.22714955956923974
1053,0.41432173564287944,0.20065265668465174
1054,0.2788118911693961,0.25972463801603174
1055,0.25864272969533303,0.18688511615726353
1056,0.7969092832843021,0.307970121831064
1057,0.07667115869601854,0.22824030153113378
1058,0.266106350704884,0.17556398958148017
1059,0.4236432147105514,0.4044932332514732
1060,0.5936879622141717,0.3767103385152083
1061,0.13355269210598747,0.29706419926363026
1062,0.020646637378690186,0.18329269643225182
1063,-0.06614616035775134,-0.005806226292774552
1064,0.2309529865774089,0.10715842245887769
1065,0.3760252361441688,0.2735115071576428
1066,0.36398311152987206,0.5155950934230138
1067,0.18514006466083657,0.1608249762649653
1068,0.2641994698818465,0.4051287768730347
1069,0.3287900813562516,0.23029516593254545
1070,0.14616961341633727,0.137796999355493
1071,0.23130041099246318,0.1887072323606038
1072,0.4248606696968978,0.5107311662676641
1073,0.3752776597952817,0.16796742389216207
1074,0.09009955541617154,0.1871684059696234
1075,0.18276658850789562,0.27599467065019306
1076,-0.05332095288368621,0.10554716407372355
1077,0.10687275079467635,0.18615828838901285
1078,0.14661860967487328,0.1820406540168113
1079,0.29807636537419246,0.35066077457701644
1080,0.07733287623062676,0.19562562070307052
1081,0.07379570839260485,0.12878052383905642
1082,0.011110983389130663,0.19387330195723693
1083,0.11929299000458309,0.15745075440461248
1084,-0.0519659354968697,0.08990445002413225
1085,0.13955520466210317,0.09079567907882091
1086,0.25267018816031056,0.327954657183882
1087,0.12248668376874247,0.25224262106746737
1088,0.1431185391840684,0.2789060772251512
1089,0.07483105816079452,0.24929391729414968
1090,0.27306211147858334,0.26574665537213327
1091,0.23280970843957105,0.09517647708566634
1092,0.06127637233265251,0.2013418200541034
1093,0.6915510610454542,0.22479967943546497
1094,0.23189548897968731,0.3115841620965252
1095,0.6648332781565464,0.4829934010098556
1096,0.10916346736367366,0.18671832261189358
1097,0.2636552102497184,0.4023729048025211
1098,0.1583997145167913,0.20602052898337803
1099,0.33856946987868863,0.13614732529950324
1100,0.06901365191048559,0.23028045403630076
1101,-0.00016227266095936166,0.181055883833402
1102,0.17119289394432824,0.2963537469409264
1103,0.3910992273347814,0.21882700232351615
1104,0.162962985661922,0.14574963082837258
1105,0.12739826554167105,0.1435101057508779
1106,0.05399831592615964,0.12253110893155308
1107,0.12285436209896955,0.21419618215307296
1108,0.314212279915844,0.14451961062292695
1109,-0.03402374562013438,0.13397603803007502
1110,0.09422203157655508,0.211509197237446
1111,0.17339954294230864,0.33167238440314367
1112,0.08507562248766956,0.2639137296261386
1113,-0.03912551358054475,0.14771908853687804
1114,-0.027123277756645692,0.1459267540107198
1115,0.4550046000944412,0.5282129241160215
1116,0.2566443733344914,0.220971730780549
1117,0.37624378452371876,0.43762831811525854
1118,0.08964785874937631,0.23972879141105863
1119,0.726577467234316,0.33317773807274903
1120,0.27015745562242155,0.300986421544442
1121,0.132195533687847,0.284961315894985
1122,0.15254839977537105,0.21553043387177476
1123,0.6201212373933845,0.6884627069161996
1124,0.17195253685575984,0.31565140907455885
1125,0.3163226437988463,0.03796665084615173
1126,0.26368011310936795,0.21824323466882106
1127,0.08862725661734883,0.2442347128197127
1128,0.36650954214730835,0.2953486348272162
1129,0.35593303616186056,0.39795852648924085
1130,0.1691971757507601,0.22429856042675625
1131,0.04155770036292414,0.1459267540107198
1132,0.00686263621290914,0.1398772629846311
1133,0.0006828603425692858,0.1735605221335596
1134,1.0359791477194675,0.2013064847399869
1135,0.36888449131038703,0.41462859477421266
1136,0.14149035814262456,0.13756427983697733
1137,-0.20482244287087648,-0.05468185228598166
1138,0.14775618706761184,0.1635397011434913
1139,0.25336051373032586,0.35374962846549357
1140,0.2093664189321383,0.19644666804175334
1141,0.06349387107230836,0.1986447718507941
1142,0.3695110252228249,0.19599919040074196
1143,0.07329408354971961,0.2071915616193665
1144,0.16509410060998175,0.16043307275808202
1145,0.11438477564713803,0.17605461134285524
1146,0.4888052507428178,0.1451736865347352
1147,0.18756237559348699,0.30836193208435586
1148,-0.021085599216519646,0.15813757922648355
1149,0.8089625091136781,0.5303318374476447
1150,0.023689566026103892,0.15343023290625962
1151,0.5015358042153992,0.39249127933497374
1152,0.03526979463336978,0.15423108258690263
1153,0.7117446636978467,0.6209252540701385
1154,0.5582726477526172,0.09816012285330925
1155,0.1889999834186871,0.33143182421089434
1156,0.216159479385924,0.22213104289416175
1157,0.11748416971601022,0.026803551509273632
1158,0.5710031224136914,0.7239877206042259
1159,0.8984812856249257,0.2100654477214509
1160,0.22340122129405507,0.18361219334109963
1161,0.41440968287013114,0.4706963179397366
1162,0.04812230231190778,0.1359647436506546
1163,-0.0035519619465514685,0.180831343079655
1164,0.3771822762515927,0.24617683841197924
1165,0.3647860729120949,0.10936501990859876
1166,0.32958551314756596,0.2748300949242266
1167,0.0654136246314474,0.19609380379596125
1168,0.2319895074900469,0.2445206164216
1169,0.4059180435748269,0.24354636169008548
1170,0.38980602845474804,0.2988951039978535
1171,0.35715052954091986,0.18515042582249094
1172,0.11315381935676505,0.19045509493836482
1173,0.09983228570234609,0.2672043596107221
1174,0.009599070221727207,0.19485122839729205
1175,0.07881295673955288,0.08898495261476552
1176,0.02297486682417718,0.1314343961703341
1177,-0.039898653457322075,0.13649093534646017
1178,0.056958146433856605,0.21270480180598988
1179,0.2049135564458937,0.37091274684663567
1180,0.8585433465746988,0.5832037346334396
1181,0.2110426335066006,0.2882469931173227
1182,0.5310020811306564,0.21771241964586469
1183,0.2756381321987619,0.13388961539918628
1184,-0.010054293752911753,0.17851865306107503
1185,0.1635800242887087,0.14101559622549115
1186,0.037985440646703034,0.19539649422004646
1187,0.367893334326902,0.11362772407936424
1188,0.055353837503117426,0.21648730164410102
1189,-0.0013942085024668815,0.09114013911772778
1190,0.2657051408199119,0.33167238440314367
1191,0.6389454923316643,0.7282116338324469
1192,0.20449309402230886,0.10554716407372355
1193,0.029456387418945795,0.2059552104680901
1194,0.1765529820310701,0.17556398958148017
1195,0.09214142586452226,0.21583369415675435
1196,0.5697042547125677,0.12157673623741648
1197,0.0439557252291517,0.18341731981239395
1198,0.04929946604236243,0.23737904799761653
1199,0.10651243769637302,0.1807655439181579
1200,0.446055989474056,0.20361522525772807
1201,0.407385162503244,0.5809509988901358
1202,0.1953785395136054,0.19331521309433453
1203,-0.23793349591887814,-0.05446461588433016
1204,0.048827388774733915,0.1318207897845895
1205,0.11312272284611474,0.2426757903854576
1206,0.14604253571646567,0.24963089270306632
1207,0.3435007932379678,0.21912044057429267
1208,0.6936054922691703,0.15641237931999247
1209,-0.09885021260716262,0.057299019038540316
1210,0.40147973779117,0.5002836449627595
1211,0.4227986668619845,0.23926614150078257
1212,0.014863169361066075,0.1843879532975727
1213,-0.0796356490610903,0.0725985304193332
1214,0.00893242526158039,0.19446285913335515
1215,-0.008890290171828907,0.1398772629846311
1216,0.3418331811419434,0.22493637883709133
1217,0.38237427627169784,0.21228004260292657
1218,0.024656027096626787,0.20827284146083502
1219,-0.023561438824906605,0.12741917562706417
1220,0.5059194348026442,0.28819453957482755
1221,0.2941660658232954,0.4786866822448954
1222,0.4384500392594335,0.44557924575817165
1223,0.13702519799315943,0.11227849839485056
1224,-0.04662403960596233,0.03831233923112898
1225,0.09908569878565834,0.21298459819053445
1226,0.04653555834675094,0.15641237931999247
1227,0.17632981766457367,0.2943649302419183
1228,0.27102839757236175,0.4345651650096595
1229,0.5096212536822915,0.43164400704730543
1230,0.2995193829497212,0.33748603379587294
1231,0.06490065009810768,0.18954209385284643
1232,0.22824619739141003,0.21419618215307296
1233,0.31410817536671226,0.28568491160412873
1234,0.00013921266437585955,0.1653273370205195
1235,0.2126079171891626,0.2063350057006262
1236,0.22310624874983115,0.32181542350960735
1237,0.4865980930163198,0.2863227310323515
1238,-0.07025076137052967,0.10623654027357134
1239,0.18484382356459864,0.18808280032403818
1240,0.38327076949891165,0.21278705889529403
1241,0.10329934166732549,0.2294349705557115
1242,-0.02428223487729328,0.1451736865347352
1243,0.15112701324743436,0.28769040273439156
1244,0.5718993644519714,0.24133762818282845
1245,0.34119796814520303,0.5275120455402493
1246,0.2760386267735603,0.21390950859621033
1247,0.18716136055157034,0.220971730780549
1248,-0.021786915575826987,0.16525330040169112
1249,-0.022184169136618775,0.13456325849060569
1250,0.4830553576440172,0.32206703138258685
1251,0.4399607491670514,0.5362625713722068
1252,0.06392468295720681,0.18712679950162595
1253,0.4748796741339158,0.2866303552193066
1254,-0.2228196216843868,-0.10489876616096208
1255,0.026892620737334894,0.2036129812215145
1256,-0.0017007596789235524,0.12865253476868466
1257,0.45851289991068944,0.3124848269062168
1258,0.11989061146221103,0.10936501990859876
1259,0.15256877413828077,0.19564830419478763
1260,0.27630122110212796,0.3733841568671801
1261,0.42684384955680976,0.1959349417678321
1262,0.7731768594035571,0.17585264978901474
1263,0.3503185776868308,0.307970121831064
1264,0.05939072206851745,0.21444316484804976
1265,0.15395424963393237,0.06529322292038071
1266,0.06815610990840182,0.23969647692049117
1267,0.3025601393821516,0.4005645451594904
1268,0.010253388780588207,0.19485122839729205
1269,0.5964886431601851,0.3733841568671801
1270,0.7484885112887091,0.12797113841908755
1271,0.3373095996809531,0.26188058382952306
1272,0.22983126612528848,0.3125824974472354
1273,0.7170863772743721,0.4309779974726202
1274,0.4934554821357213,0.2616671159681682
1275,0.29974304445482103,0.33408802642415913
1276,0.1643411108467296,0.3368007177101475
1277,0.08367902048857842,0.24061587408515084
1278,0.267917431500872,0.2959715635082377
1279,0.3466497332488049,0.15586023413654582
1280,0.13815658706294492,0.22497059925031754
1281,-0.008007068918484128,0.1318207897845895
1282,0.2613483491567786,0.2693930987725335
1283,0.45061412476830737,0.32959521203612074
1284,0.06556817325784167,0.20871125603108626
1285,0.6489025714890887,0.3157592220544303
1286,0.0652185061094786,0.13126674630586557
1287,0.2875712052926892,0.1562451221792302
1288,0.12937170509786114,0.1787367250064599
1289,0.12758033446425648,0.17819620854940732
1290,0.35009835117734567,0.26574665537213327
1291,0.29919416085590284,0.2904609071617684
1292,0.3611824235869701,0.15676642607843538
1293,0.1559152487215254,0.19343705939394135
1294,0.3197850870402402,0.3835195757644706
1295,0.815166839728825,0.43597860481081535
1296,0.3030482157920017,0.15034723483054202
1297,0.3443387626586222,0.5167578315852976
1298,0.1135223882302111,0.280022594768112
1299,0.630960805818144,0.43762831811525854
1300,0.14197798369686015,0.097285970149246
1301,0.32498502287133174,0.20459783961670383
1302,-0.042217004704713595,0.15040579110410987
1303,0.26587592289524803,0.2040763215305861
1304,0.600027391002228,0.7393106081921966
1305,-0.137651912558649,-0.02772489522781668
1306,0.3957679489974991,0.22851398617399515
1307,0.5413902247658895,0.30901167373856964
1308,0.35216603553342246,0.4248866590627945
1309,0.10734902251567233,0.21015645405183556
1310,0.6482573043813903,0.4723727537680114
1311,0.04857128227187306,0.12878052383905642
1312,0.462637398079501,0.21419618215307296
1313,0.42301419819348046,0.20218874035173082
1314,0.004907132561502908,0.18788615216731236
1315,0.15045508769571803,0.2562001630524278
1316,0.14188521874489013,0.232765782207138
1317,0.014993862964606586,0.16520122266810874
1318,-0.05001376516212189,0.11592117660571022
1319,0.23878108703299733,0.2892865417466679
1320,0.22615156933079325,0.1635306173284098
1321,0.2510623745752767,0.19854840837114965
1322,0.07122390550275012,0.22832450741887822
1323,0.08856350989577459,0.19409836149999912
1324,0.5538607627559141,0.5555340903890508
1325,0.07233555083736708,0.12059694489609944
1326,0.20969876504875937,0.08869124942554793
1327,0.5467633327804869,0.5470738363036333
1328,0.057625642545099054,0.20666695264865467
1329,0.3396394847314411,0.24457443635108178
1330,-0.0385546720157984,0.13691277568203583
1331,0.22901312458313622,0.2002644988197011
1332,0.21320245894352502,0.1820406540168113
1333,0.45159975218918214,0.3891597455340863
1334,0.2083893229785097,0.3625503386760218
1335,0.06474462822333146,0.22140665175494084
1336,-0.044162035428611676,0.06180829646162944
1337,0.11575148335314045,0.2827337960257936
1338,0.3658467992514369,0.3115839292365943
1339,0.06400046965541843,0.17176951995382767
1340,-0.03790933316398648,0.027760750847812432
1341,0.48806885508371134,0.1720153787474746
1342,0.249652077841823,0.3755788318525428
1343,0.19478954137211657,0.18743009153781737
1344,0.0553802213385341,0.18341731981239395
1345,0.4034488489772781,0.5313181030352359
1346,0.18534278327363785,0.2772498935116131
1347,0.2389388976889102,0.4125691085826214
1348,0.0010322502396944294,0.08887717013224555
1349,0.09764960440621812,0.26945899099105564
1350,0.32799448826678756,0.147704966003749
1351,0.37591331466330014,0.23715584688289168
1352,0.07732746976104357,0.2054723178640826
1353,0.5253419079897723,0.11757713520171212
1354,0.6470446356684229,0.5167578315852976
1355,0.06607019167239478,0.2066620235316094
1356,0.10024875482688919,0.26791431377594377
1357,0.12454667605904962,0.22498721340432887
1358,0.3196187182471545,0.20245960686341793
1359,0.15394801088581284,0.1314343961703341
1360,0.26455752029912677,0.24526457355947434
1361,0.23069091240730316,0.19515090077848574
1362,0.11843319232487103,0.1189239997566594
1363,-0.16447392250389853,0.006894536689361158
1364,0.9720612052215438,0.30614923164570296
1365,0.12683781731016527,0.27543146183286676
1366,0.2945582268428544,0.3348885072799974
1367,0.11911951843122313,0.12829448682569272
1368,-0.11696967749871372,0.0340936143133098
1369,0.3103022688802384,0.2086146081113673
1370,0.4658750559986947,0.19708293576505215
1371,-0.08698287679221996,0.07647159300252517
1372,0.384118695719197,0.3030247729443482
1373,0.22374663096271366,0.178222960108059
1374,0.26512781599136637,0.3985170823909168
1375,0.4099596303284894,0.4451608529965982
1376,0.3954952502111647,0.21669043511607988
1377,0.12000239757861313,0.2393360187298081
1378,0.5417443086323595,0.1451736865347352
1379,0.4187433972738716,0.20720596145374473
1380,0.44389111293497213,0.21187038552100196
1381,0.06450764021947133,0.23287114865533073
1382,0.16800578615758385,0.2293238891928197
1383,0.21953021933030703,0.23154559807778163
1384,0.20505932064196128,0.29435654695333946
1385,0.03684731490840212,0.1659205505612505
1386,0.18336323286030443,0.23809151726315148
1387,0.05426586279638845,0.23053370146802252
1388,0.22931788505193726,0.18272062352937202
1389,0.3700979199435478,0.19288497883884181
1390,0.0646695168888514,0.18966567688504382
1391,0.13425298740323155,0.3224475269780591
1392,0.6237586681762,0.23250128553797741
1393,0.40308326361833147,0.2389308459903547
1394,0.18378490301585212,0.28990163009003955
1395,-0.2033765256487084,-0.020764513776268895
1396,0.3217553865022892,0.20590829447201325
1397,0.37447965005745826,0.1986600588176384
1398,0.14982437647096497,0.19904667071307136
1399,0.12263270950543996,0.2036923129781638
1400,0.19676325780627535,0.37384919893022717
1401,0.19552948081196614,0.296936132566907
1402,0.3175541710805441,0.14510138467599615
1403,0.45092505545021694,0.5446219565109175
1404,0.2646083513344072,0.19548996135596475
1405,-0.01210273471123352,0.18272062352937202
1406,0.08596550170534553,0.2255181599548971
1407,0.24372360983992847,0.39593232616295615
1408,0.033238975555021255,0.21551901815794783
1409,0.18359889889403497,0.2587493247165259
1410,0.21311809218568645,0.2225111909582199
1411,0.0678600894691857,0.20774108542905548
1412,0.05512571076726114,0.13126674630586557
1413,0.3328628180672021,0.15992701733083234
1414,0.021890615893972176,0.1720153787474746
1415,0.1084674750080209,0.21669043511607988
1416,0.6168702126943213,0.7290199958628909
1417,0.03894656311020847,0.21506868719292282
1418,0.11360085210718233,0.18668128999225558
1419,-0.06819514411202793,0.10170648597801163
1420,0.2812103292704503,0.22413623229993357
1421,0.38966959289505065,0.30184827360475375
1422,0.09611399742732646,0.22982785870307362
1423,0.22662619382758262,0.3661444970462826
1424,0.5021784707090082,0.6324231878490981
1425,0.35938981526574837,0.47156914283511525
1426,0.07087110139054908,0.20187248152484877
1427,0.20250552413611483,0.12106573627410774
1428,0.37526453618265976,0.17434768649658827
1429,-0.08618856451548454,0.09742441670602997
1430,0.027241473240628478,0.17860662027633342
1431,0.17190505549144283,0.14510138467599615
1432,0.36251278183369395,0.08990445002413225
1433,0.08026386200203553,0.25986531003134594
1434,-0.026703999102435205,0.14744269254989248
1435,0.06805270384558253,0.14444518049470392
1436,0.590294751130215,0.27278229855740244
1437,0.13789803361600597,0.21993868763281726
1438,0.2391060129622633,0.21270480180598988
1439,0.06584885040826555,0.23578753804108282
1440,0.15793254512002938,0.17537523766992186
1441,0.6031497448085563,0.14020924156718334
1442,0.561781416923944,0.6884627069161996
1443,0.14893555981661527,0.18070507977044292
1444,0.33438581309002363,0.2827337960257936
1445,0.05717113577300069,0.020108691701258813
1446,0.2817625085905532,0.2520301974087233
1447,0.39175454230669393,0.5329259030294832
1448,-0.0008386329102109957,0.19312170307742207
1449,-0.05929632670732935,-0.07490173555475836
1450,0.8747673902342475,0.5804700727633406
1451,0.2943858736159272,0.10609694701763575
1452,0.11471559406735712,0.19078943197466264
1453,0.33690150319254336,0.25968867311683785
1454,0.28503867220020773,0.4355907683375803
1455,0.28898808400331916,0.39780882320402466
1456,0.3760421290448096,0.19854211484159312
1457,0.5303311729294449,0.45070705326034755
1458,0.02297875091497706,0.19803709847385986
1459,0.19788467896462297,0.1991805903722918
1460,-0.17948038441433728,-0.010917169625301426
1461,0.1400666391284762,0.2748300949242266
1462,0.03588630281099256,0.20809308713038915
1463,0.0403007230137474,0.21198409302319546
1464,0.24136014851595183,0.3953896757707581
1465,0.2031959237530776,0.11423917117708238
1466,0.03853379043366967,0.10830823414371293
1467,0.3777007746402336,0.21136514703570494
1468,0.11464509716339935,0.296758376764274
1469,0.2942558171897819,0.16506277514830653
1470,0.16486131408164584,0.19210623140692393
1471,-0.02516347298260585,0.11124253221959152
1472,0.28583336111032986,0.3076214489726802
1473,0.045291455386315405,0.15641237931999247
1474,0.15511462408920526,0.3356996117484484
1475,0.26975128924108127,0.17337901332044553
1476,0.10201803062897888,0.15641237931999247
1477,0.9120664138504236,0.7084014195510498
1478,0.09591884401766315,0.23809151726315148
1479,0.698813473281791,0.5897392846205806
1480,0.1864380277627556,0.16144716945546078
1481,1.0118295813345124,0.48634919195743936
1482,0.2554458526370005,0.2575245826685204
1483,0.10725624347844318,0.22167332763313663
1484,-0.08701968963257416,0.03726146825192449
1485,-0.10847692135635723,0.08689551370699497
1486,0.6509865782383729,0.1932083240215803
1487,0.39555318569492093,0.3557630244189557
1488,0.2658464761530674,0.296758376764274
1489,0.22229836616792173,0.3951718043627094
1490,0.16738893660979254,0.3157592220544303
1491,0.24558196176541475,0.24274209747785844
1492,0.45926028353078685,0.1820406540168113
1493,0.03360106924045134,0.214164951611166
1494,0.5875067023095606,0.3644012389989217
1495,0.15876604154232613,0.23602216321740702
1496,0.1120674681494821,0.2493418404262177
1497,0.2138238110017865,0.21506556903660876
1498,0.24663274230010807,0.3658154242033911
1499,0.11408669947628919,0.1781070001398125
1500,-0.00556579976628499,0.15586023413654582
1501,0.17687657524529357,0.1867302537183757
1502,0.398365367042285,0.2193163659324208
1503,0.1039708234887414,0.18451466139803047
1504,0.14885573418967762,0.06748627101347401
1505,0.16919261609243696,0.17918268190328301
1506,0.43097121819186307,0.2126202596743532
1507,0.22811965422537253,0.25361681436420824
1508,0.4855035150965007,0.20345817228038268
1509,0.37343121405844026,0.11058963651731793
1510,0.39216828353640354,0.3732340198105113
1511,0.7120206346496177,0.5134722340563096
1512,0.5301192893435835,0.19803709847385986
1513,0.09266494856854537,0.15386355751840297
1514,0.39178611104206956,0.22714955956923974
1515,0.026730950140974652,0.21270480180598988
1516,0.5436038944550846,0.6884627069161996
1517,0.16220164173392035,0.159900793591058
1518,0.1740694020107696,0.2374110535733434
1519,0.0117033679246627,0.1909038407318163
1520,0.32756502009907684,0.5134722340563096
1521,0.10488718265226754,0.24548774001844606
1522,-0.0027811670699333935,0.16099375788099332
1523,0.27985479708986083,0.18648152878958751
1524,0.5554382217086726,0.20590829447201325
1525,0.16871951711362043,0.2685729468139868
1526,0.1521494514200444,0.18508155832012982
1527,0.17784378608110943,0.1922087163230277
1528,0.1873117470659712,0.22167332763313663
1529,-0.08249759713494853,0.04953260027377476
1530,0.019477892496703036,0.17621103179336942
1531,0.10461374503671211,0.2772498935116131
1532,0.25915004501745326,0.22771207313095584
1533,0.048018820384874844,0.12743496363602497
1534,0.24072206933497708,0.11937460410366174
1535,0.04194604750489335,0.13677925563138105
1536,0.6133355546843006,0.1922087163230277
1537,0.21696350806827577,0.18295228269220007
1538,0.33301832786820607,0.11784491989255112
1539,0.35700604537792224,0.19241906892667549
1540,0.3291941822355661,0.20666695264865467
1541,0.1818821399804239,0.06960491105951529
1542,0.16493567362732597,0.1318207897845895
1543,0.5986907527026882,0.217955721272245
1544,0.2729602179192705,-0.015824218939062024
1545,0.2239020857355554,0.3348885072799974
1546,0.07445255261608862,0.18148200528122482
1547,0.4184321968331757,0.3767103385152083
1548,0.189138547619573,0.33803511257734464
1549,0.25039135176865285,0.3878807309541006
1550,0.1572620100099902,0.25985367847308216
1551,0.08164094545135127,0.1556700840117989
1552,0.15793263536363134,0.21608877713264063
1553,0.16207148648442227,0.18341731981239395
1554,0.2951230412847059,0.18318430004609879
1555,0.12455467503579216,0.24229847376389646
1556,0.15155824420031816,0.1972561216750809
1557,0.26415364546226183,0.3176732212267324
1558,-0.1315867131383936,-0.0431564093641541
1559,0.0739328141527894,0.1909038407318163
1560,0.1918367212369571,0.21625620605592571
1561,0.08791671695844888,0.2641168800108767
1562,-0.0028224453638887592,0.1318207897845895
1563,0.6923037577090052,0.1428961829662791
1564,0.24857394775758992,0.20068017916451386
1565,0.005123328087727211,0.11443360359632
1566,0.23711647126214613,0.15629900117661327
1567,0.166293744323108,0.06505783241797342
1568,0.14798296171376785,0.24271044355606342
1569,0.5286106291277148,0.296936132566907
1570,0.1806767335456225,0.19427679084793104
1571,0.10223873733127803,0.23250128553797741
1572,-0.05614904126591565,0.10741954966390847
1573,0.33087562682005145,0.21098061445197078
1574,0.2965225010695144,0.2418110005095809
1575,0.3152670109757061,0.24493097493088728
1576,0.5509255401886198,0.5864895297700999
1577,0.12634006543494325,0.2493418404262177
1578,-0.02853345359168402,0.1352492088570414
1579,0.09923727339070704,0.24457443635108178
1580,0.4585909442683943,0.173698872218799
1581,0.04681233655503092,0.22449890694778102
1582,0.24840557961484688,0.1240955907670396
1583,-0.031079721410159647,0.10611184020920685
1584,0.3715561528185249,0.33979645434965866
1585,0.3214306330856331,0.32181542350960735
1586,0.06366736592214689,0.18916597757635933
1587,0.1735175964142655,0.19379438696162254
1588,0.23346767419497455,0.35026863338586445
1589,0.24813896501315605,0.3076214489726802
1590,0.3404496916003551,0.18322808214229744
1591,0.23637667505704393,0.21551901815794783
1592,0.029974958300222537,0.15711558108378051
1593,0.00018525232580235418,0.19950161825822316
1594,0.2527602112605746,0.214164951611166
1595,0.8549355384352404,0.5005306318582542
1596,0.08622581890286884,0.22597033189024113
1597,0.1880457547104875,0.10741954966390847
1598,0.08869533423375583,0.05549425905731625
1599,0.03816134990399869,0.18668128999225558
1600,0.06281973103980396,0.22318208809260096
1601,0.48235145724390316,0.1735673663190983
1602,0.23092782003950094,0.2631949909548968
1603,0.1853699518879978,0.20142603390283081
1604,0.18114574736994377,0.22851398617399515
1605,0.14895863694862857,0.2240902045772496
1606,0.09830761662173937,0.27556874803380177
1607,0.7192459014655743,0.5155950934230138
1608,0.26648704105168963,0.1999349110153638
1609,0.0036836044993054096,0.17618489003728283
1610,0.47077847500412007,0.24640499108925623
1611,0.08528478765013175,0.25587415079798337
1612,0.8051791546987793,0.4515587840735719
1613,0.12509572655627382,0.29085494861070416
1614,0.15018067783501438,0.2956996959929622
1615,0.013760283182630284,0.16460808663731313
1616,0.037669305544252185,0.2163140773950463
1617,0.21589994324210654,0.1362054358814688
1618,0.027405920872010714,0.20602052898337803
1619,0.6693662019913807,0.42697976217723
1620,0.19890162376091533,0.22287766179099033
1621,0.1192206193298328,0.2574026521604186
1622,0.0625211351067908,0.25202275336501395
1623,0.3873625432574853,0.2825343476201947
1624,0.17648619020258555,0.12440050397852931
1625,0.4278296937745799,0.14574963082837258
1626,0.3592539418356708,0.2293238891928197
1627,0.3068331939070957,0.4731019799471149
1628,0.21660362081903883,0.17785076630977742
1629,-0.0015059472792094547,0.0940412167945141
1630,0.21593668460109297,0.3277574743856825
1631,0.38276846755788096,0.5569334191690469
1632,0.24494930976660104,0.19942662003938938
1633,0.6792383258569418,0.2959715635082377
1634,0.06443055601563585,0.2278676154095772
1635,0.04250856325649349,0.231992242409096
1636,0.3851499431894073,0.22446055138160395
1637,0.4157847647112428,0.3953896757707581
1638,0.36374469909647134,0.3030247729443482
1639,0.061642283034139295,0.20439708027312842
1640,0.6532387117317603,0.20590829447201325
1641,0.5772447045449381,0.40334165156257384
1642,0.0760645075560496,0.25574507535670976
1643,-0.12322364140505121,-0.023452328888820845
1644,0.4277468761403143,0.42233766228128233
1645,0.06536363192065381,0.07038479042397429
1646,0.14051123788296846,0.30614923164570296
1647,0.3252247928538464,0.2050775424720125
1648,-0.008619085976968477,0.14463816003932287
1649,0.30447524501743833,0.21530022128240364
1650,0.4993690124134038,0.5775592357836721
1651,0.077927326736711,0.09633305949526072
1652,0.014761526234103511,0.2017114736808906
1653,0.20418096692609033,0.19947418984647103
1654,0.4667669488798301,0.5250087443058962
1655,0.2646060763903769,0.1844025307400356
1656,-0.007553599280656992,0.1683414695228151
1657,-0.058664367534597694,0.08793886883930224
1658,-0.09724212251866449,0.053022376301036594
1659,0.09263344410539626,0.24411544938662108
1660,0.02871603352379723,0.16819022337026826
1661,0.6149088578048497,0.27799989628157107
1662,0.4808660504884988,0.2202676888181701
1663,0.7515961734900258,0.7599180070338662
1664,0.15874705180404924,0.15108471408533158
1665,0.1480842999218852,0.08277909335472398
1666,0.08609068550054508,0.18871947361624064
1667,0.00983305649412225,0.1986600588176384
1668,0.03594174693182259,0.2152835873580403
1669,0.33982260175576945,0.12974112762122772
1670,0.4105964308527796,0.08445998837118258
1671,0.2525754154800732,0.2668417128750108
1672,0.2135424690349108,0.3985170823909168
1673,-0.08608985692922042,0.043110590649458436
1674,0.09947955810000718,0.17243184079220725
1675,0.29600433956881966,0.47156914283511525
1676,0.317997228314808,0.18916597757635933
1677,0.5131618712044526,0.25291484796447555
1678,0.6545964620372351,0.3755788318525428
1679,0.1130963821222842,0.2863924766491214
1680,0.09911191196716956,0.18320211654441915
1681,0.12222506426254533,0.24493550781860873
1682,0.02769859957251472,0.16989700088448936
1683,0.18985263892557075,0.2391113575975985
1684,0.7453212589789302,0.335826733846978
1685,-0.06128056196411852,0.009713195916874806
1686,0.2590935409378793,0.19331521309433453
1687,-0.043304836895301374,0.13259085787116254
1688,-0.03955843779346707,0.1311335019847757
1689,0.8268259854366595,0.8646860659187888
1690,0.30243030952740924,0.20140474035059142
1691,0.24489838284778837,0.18561821502658515
1692,0.4260115996055123,0.2961105708099734
1693,0.002911065740967611,0.057299019038540316
1694,0.025536672056768878,0.19288497883884181
1695,0.2317816500303471,0.22088854955176337
1696,0.0758202524334883,0.23287114865533073
1697,0.1504059176787524,0.27266978072708015
1698,0.648919308229442,0.10667191005287577
1699,0.1874940202741387,0.11937460410366174
1700,0.1630516107272893,0.06361615588677971
1701,0.05081287425885481,0.20044376696192112
1702,0.033651946451789136,0.12226002018198459
1703,0.4049162374926827,0.23049932910934928
1704,0.11173841173345844,0.26264225246527473
1705,0.03314645636391572,0.22428115788449865
1706,0.08700107195153091,0.18734830678207293
1707,0.3347589420784676,0.10966396395518119
1708,0.06466191207911659,0.21056388237071466
1709,0.2794183306492769,0.3157592220544303
1710,0.2141452442463686,0.15586023413654582
1711,0.49597961109806066,0.372746037176496
1712,0.01638794658920084,0.1189239997566594
1713,-0.11390608282027467,0.058994562160386566
1714,0.1558513118585375,0.2513389732864484
1715,0.13043558083906576,0.24049514001382682
1716,0.21036458297236177,0.22122314229987572
1717,0.4478142814677475,0.48834798293577003
1718,0.4059302173514878,0.20093522260516997
1719,0.0953704260454736,0.122895008713994
1720,0.6172229151638423,0.5107311662676641
1721,0.5717191155996377,0.12865253476868466
1722,0.08866794900359706,0.18272062352937202
1723,0.2812539782064226,0.43882767457286853
1724,0.4693527329887592,0.3870992259565672
1725,0.03368084141382702,0.21568233184288
1726,0.3323626553501184,0.19446285913335515
1727,0.4404771552872323,0.25202275336501395
1728,0.18542694481134733,0.1709562252059057
1729,0.12940697900121004,0.18522240320460112
1730,0.10019095627777491,0.2290454732922435
1731,0.5982498206625282,0.7167919355041212
1732,0.26645713352290556,0.16525330040169112
1733,0.23465380043487447,0.2775599933449041
1734,0.07,0.2017114736808906
1735,0.0019170766497098451,0.11280820439898893
1736,0.13150098505269037,0.26402913856044763
1737,0.24854934970458112,0.29981897982454075
1738,0.1706212833476358,0.2672043596107221
1739,-0.2892091415773912,-0.19550316637920429
1740,-0.010908642828692416,0.16944563991258146
1741,0.11252881134860995,0.17010594655032207
1742,0.5112960614574483,0.3953896757707581
1743,0.630292099988145,0.7819592159563131
1744,-0.027095111734122004,0.10741954966390847
1745,-0.22925021316011535,-0.0431564093641541
1746,-0.024937449132075434,0.15108471408533158
1747,0.36106929112410063,0.2687566497269381
1748,-0.14418743631358952,0.016667512297114606
1749,0.4475154025258383,0.17344772868879443
1750,0.1559365116174703,0.2269710265790269
1751,0.3650214239620481,0.15116874926155138
1752,0.1679008719647602,0.3003483989428193
1753,0.4009338055067678,0.33143182421089434
1754,0.056434414800188445,0.0035082511038217745
1755,0.14445621150962348,0.2788545170144686
1756,0.20494498060862096,0.18824467589356642
1757,0.0033443651637425353,0.17243184079220725
1758,0.000387385345382657,0.17819620854940732
1759,0.7815742063607136,0.26214283271933453
1760,-0.04250524483026111,0.12797113841908755
1761,0.05740212533562275,0.2216119818931417
1762,-0.018758663023365124,0.1549665724281215
1763,0.1403369915132546,0.2776503461870899
1764,0.4536125414826441,0.47942744273054405
1765,0.19895093478097758,0.2943261724508994
1766,-0.022033098852470984,0.1451807182771675
1767,0.4827577920221371,0.22707455635831722
1768,0.08629828976633122,0.2493418404262177
1769,0.29827364189066846,0.3712959114076688
1770,0.28284257628162185,0.25866931012859984
1771,0.031143229435285302,0.14053602975954452
1772,0.33918508653388646,0.42070635231947406
1773,0.5708320385877403,0.15572141741783535
1774,0.13059361053324992,0.13927061682547237
1775,0.4610500127921576,0.23347805581317407
1776,0.08529405410159058,0.26791431377594377
1777,0.5093867814049393,0.13456325849060569
1778,0.3753784621205353,0.19722467570320024
1779,0.36013006331274144,0.1871684059696234
1780,0.15794825948811228,0.27799989628157107
1781,0.15932277368843312,0.26848875126479244
1782,0.13038699359952588,0.2868336616412792
1783,0.33977131934043253,0.23809151726315148
1784,0.397620074062914,0.46092581133878957
1785,0.0423976105758859,0.2152835873580403
1786,0.02644427118682338,0.19908652365209809
1787,0.3084474463740353,0.17782205047769706
1788,0.16704899153650832,0.07340273847743475
1789,0.40613721931317276,0.1405054547136706
1790,0.3420377469586099,0.15549384958275753
1791,-0.05507463694623077,0.12883909267990784
1792,0.3440266889049778,0.14955265824955158
1793,-0.03874454957683024,0.12296009775253147
1794,0.055567080405917596,0.211509197237446
1795,0.12260096465206358,0.23196510174859758
1796,0.18589519597082693,0.2136076156166916
1797,-0.17816498587071283,-0.08592236480324547
1798,0.027316401690262337,0.1887072323606038
1799,0.14654824368887703,0.0958188605143494
1800,0.1377721068634051,0.2170402159775181
1801,0.3929638795429987,0.07452787090750809
1802,0.08388512934774875,0.2148203519529187
1803,0.19318682786855124,0.1398772629846311
1804,0.030693011513849594,0.18329609452683718
1805,0.05940392431259306,0.19313224767037196
1806,0.08482024571482738,0.08990445002413225
1807,0.037139101305372874,0.2038974780696469
1808,0.33660369944014523,0.10914234310090389
1809,0.09713037672576241,0.1934293779023757
1810,0.6915524417165234,0.2863924766491214
1811,0.16406353747562533,0.11592117660571022
1812,0.08568629660658157,0.15713346606204234
1813,0.1726378548023484,0.08445998837118258
1814,0.03806452497546506,0.13614732529950324
1815,0.7865152136644903,0.2863924766491214
1816,0.14014100702784515,0.3157592220544303
1817,0.5356905277445201,0.22133029654168185
1818,0.04078492783942947,0.21852203348765004
1819,0.30998964290531306,0.29706419926363026
1820,0.2170116844697324,0.1756203535885768
1821,0.19322363984081167,0.2117407222317285
1822,0.5821175845710244,0.21530022128240364
1823,0.1158876188377789,0.16353176226619598
1824,-0.012661311812846854,0.15713346606204234
1825,0.16320090795804315,0.18860866911884439
1826,0.038116310827116306,0.20459783961670383
1827,0.026102835230901872,0.19446285913335515
1828,0.1517021980835563,0.24962084494216186
1829,0.12947974710344967,0.18689892273051384
1830,0.1682669564021454,0.23957150010507128
1831,0.48863682410673215,0.2963537469409264
1832,0.16892479630772192,0.3368007177101475
1833,0.13147937094102213,0.28769040273439156
1834,0.033003134682829144,0.1892222942421064
1835,0.9413855618855047,0.39549716013883573
1836,0.6941502166536428,0.22824030153113378
1837,0.11024767571704351,0.1683414695228151
1838,0.3755950004322792,0.11513156762862103
1839,0.04560177366874971,0.059064144580362465
1840,0.43065066895340975,0.2994836791526025
1841,0.5615068516204742,0.31449044927217845
1842,0.4620862373597099,0.2111690677344085
1843,0.2643146311777416,0.1659205505612505
1844,0.04080654931783459,0.20871907332996065
1845,0.3018641400877699,0.3778600804821293
1846,0.04143114161067779,0.173698872218799
1847,0.9466300352497279,0.23757396408167747
1848,-0.002242875500311131,0.14459078614096804
1849,0.6120752930161558,0.13793667358072914
1850,0.19087431669422428,0.2863924766491214
1851,0.371282698690684,0.3734137415848457
1852,0.2870835391386156,0.28533716296037476
1853,0.3551247388863312,0.48185763913008495
1854,0.07261530859991505,0.19567543653516956
1855,0.3864254110049153,0.3782613940587324
1856,0.2827368156088407,0.2988951039978535
1857,0.07328599118450801,0.22446055138160395
1858,0.16100714251016016,0.22145090947208126
1859,0.37586631628230305,0.19947440844638772
1860,0.29002470075740044,0.26528927431687477
1861,0.15872114412641913,0.21060907974871246
1862,0.16390003322645688,0.11362772407936424
1863,0.054516241317992625,0.20881480174474887
1864,-0.003743342590704468,0.17145388726390695
1865,0.7167034810052418,0.24924048089160458
1866,0.1121424873322098,0.18319837116561177
1867,0.10750685074136072,0.20310445384228715
1868,0.27097908039948904,0.43597860481081535
1869,0.14097304998400353,0.23082896592202048
1870,0.36328710939813436,0.3316490414824902
1871,0.0352252595792808,0.2106913796736298
1872,0.5286496328082586,0.19387330195723693
1873,0.12702920163364662,0.24126028422054924
1874,0.05620077621274955,0.13283113143205616
1875,0.4601513378208415,0.41974654985696225
1876,0.1027439278840586,0.13756427983697733
1877,0.10773773367771158,0.12446391631239538
1878,0.87077447108659,0.46092581133878957
1879,0.5502030539940228,0.18301462677172198
1880,0.5753416221117937,0.5538900304829434
1881,0.06700380960280727,0.21625620605592571
1882,0.024034232767762592,0.18860866911884439
1883,0.25825490137604773,0.32181542350960735
1884,0.3192107457482483,0.22769662422770132
1885,0.11420252083503638,0.28037388163923416
1886,0.22837966250183908,0.24493097493088728
1887,0.484866068968624,0.3368007177101475
1888,0.01497348257082362,0.09286571101457664
1889,0.13003500408627156,0.16371386127574716
1890,0.2699798746209793,0.3835195757644706
1891,0.24184187812430172,0.25574410346382564
1892,0.07429216872540412,0.1451807182771675
1893,0.032327935134938424,0.006755967658340689
1894,-0.009257694830633045,0.13326138786102693
1895,0.05895556153555506,0.19968056780066015
1896,0.4014328845035746,0.539887475100692
1897,0.4741155563210282,0.6477983306346218
1898,0.06521964278065533,0.17811465149464933
1899,0.821491846618037,0.9876686850300161
1900,0.2190172861882777,0.27799989628157107
1901,0.10503996885136442,0.19722467570320024
1902,0.12217101116634281,0.19845167002526568
1903,0.18223883138674096,0.10741954966390847
1904,0.0375733378007547,0.17176951995382767
1905,0.1329363364058478,0.21530022128240364
1906,0.02980704525511116,0.13677925563138105
1907,0.5476008967345084,0.15586023413654582
1908,0.17445167085553115,0.19078943197466264
1909,0.30577605959271276,0.2855048510037714
1910,0.3712685710150003,0.07684740286754307
1911,0.10883271398589306,0.2472743722767356
1912,0.24995730151368134,0.31977444371004327
1913,0.11040728043830181,0.19485122839729205
1914,0.36484808779821126,0.34160591938350887
1915,0.5664910425785752,0.7282116338324469
1916,0.4130728720293798,0.14574963082837258
1917,0.08433814852621044,0.14510138467599615
1918,0.2545215473183441,0.22771653827324093
1919,0.2888517026075772,0.19241906892667549
1920,0.41267672810702094,0.2809380181528228
1921,0.4652747798276441,0.4069812658056557
1922,0.35051372390008617,0.21679892482356042
1923,0.16150653416076616,0.2602177901918524
1924,0.21251271480751177,0.3267474276272245
1925,0.24807698204607798,0.10928007384787686
1926,0.16458320595442788,0.28920044757867885
1927,-0.06645019571856037,0.09488743246426806
1928,0.19961612313058225,0.18766555894905457
1929,0.29995535602006446,0.379373794953421
1930,0.003789730707132233,0.18679443375348975
1931,0.24296601576281318,0.3524009863185247
1932,0.6755302495805832,0.8603299290160481
1933,-0.0001141521999677153,0.16776905029840922
1934,-0.033411924474943594,0.11058963651731793
1935,-0.1849495709310169,-0.02772489522781668
1936,0.022222355323004483,0.1556700840117989
1937,0.2483179866292829,0.3778600804821293
1938,0.2171530645135092,0.25524458177666065
1939,0.26111649106219575,0.33143182421089434
1940,0.30075429543293847,0.17673290024375377
1941,0.3216295984112191,0.26430532016653024
1942,0.15459761251257528,0.17819620854940732
1943,0.22061902608304487,0.1493102755085928
1944,0.03334012518306613,0.13143828136668398
1945,0.3235791688459095,0.37715485210091065
1946,0.3236868932968072,0.2665830762630863
1947,-0.0275164377705667,0.03991852586545827
1948,0.001929816249345545,0.1787367250064599
1949,0.31985955487421436,0.1787367250064599
1950,0.015692530706307606,0.15361109135839474
1951,0.10398642563765587,0.185097449975695
1952,0.20379911477685517,0.3017767059777944
1953,0.059272165782587524,0.15371660838600132
1954,0.4384906089871856,0.19950161825822316
1955,0.08736480794192447,0.26430532016653024
1956,0.31653269186513433,0.20093522260516997
1957,0.5489036960132516,0.28533716296037476
1958,0.5162904182723232,0.5290253899646611
1959,0.09422718350029076,0.20359878884372656
1960,0.10564010754770158,0.22213104289416175
1961,0.281877746860317,0.25524458177666065
1962,0.2903974116170186,0.14249998579678355
1963,0.5180178337332377,0.16398863306107542
1964,0.5894919597427098,0.21482335824060553
1965,0.4091169601279624,0.14829274447244375
1966,0.32652756953549755,0.21444316484804976
1967,-0.005226828359525926,0.17845459059711744
1968,0.45478995707164926,0.24133762818282845
1969,0.5254061920509236,0.20638418952354393
1970,0.24019071648513693,0.18329269643225182
1971,0.37160857456822605,0.35026863338586445
1972,0.762186648641473,0.772591378877659
1973,0.015937805556576007,0.19012314945889017
1974,0.6432273354727552,0.5107311662676641
1975,0.11317539148514001,0.20827284146083502
1976,0.06485757279513252,0.21534031909571158
1977,0.06613253743584378,0.1493102755085928
1978,0.3721288580542983,0.5555340903890508
1979,0.12412617695104174,0.12124175803482225
1980,0.1583569168443899,0.18361219334109963
1981,0.08056971304064518,0.19533642062384915
1982,-0.11458186632553762,0.08310319769514797
1983,0.41176518750874436,0.2617205912538718
1984,0.39128061974772604,0.5689538409744584
1985,0.10371622590566199,0.022780370486024437
1986,0.016860628296805347,0.19387330195723693
1987,-0.07957448841101958,0.07992573230374059
1988,0.5087991746009133,0.2157777927057069
1989,0.00023292078083118894,0.11058963651731793
1990,0.056517710943025185,-0.10302138189520638
1991,0.4230551185167545,0.25486341497838394
1992,0.09225330244389528,0.17782205047769706
1993,0.4352609702881869,0.2513389732864484
